{"cameraMode":{"drawMode":0,"name":"Shaded","section":"Shading Mode"},"sceneLighting":true,"audioPlay":false,"sceneViewState":{"m_AlwaysRefresh":false,"showFog":true,"showSkybox":true,"showFlares":true,"showImageEffects":true,"showParticleSystems":true,"showVisualEffectGraphs":true,"m_FxEnabled":true},"in2DMode":false,"pivot":{"x":1049.8216552734375,"y":689.1912231445313,"z":-353.3959045410156},"rotation":{"x":-0.010808994993567467,"y":0.005097075831145048,"z":-0.00005418765067588538,"w":-0.9999353885650635},"size":433.3834228515625,"orthographic":false}