{"cameraMode":{"drawMode":0,"name":"Shaded","section":"Shading Mode"},"sceneLighting":true,"audioPlay":false,"sceneViewState":{"m_AlwaysRefresh":false,"showFog":true,"showSkybox":true,"showFlares":true,"showImageEffects":true,"showParticleSystems":true,"showVisualEffectGraphs":true,"m_FxEnabled":true},"in2DMode":false,"pivot":{"x":654.1129150390625,"y":977.088623046875,"z":-206.11558532714845},"rotation":{"x":-0.010808994993567467,"y":0.005097075831145048,"z":-0.00005418765067588538,"w":-0.9999353885650635},"size":834.1167602539063,"orthographic":false}