{"cameraMode":{"drawMode":0,"name":"Shaded","section":"Shading Mode"},"sceneLighting":true,"audioPlay":false,"sceneViewState":{"m_AlwaysRefresh":false,"showFog":true,"showSkybox":true,"showFlares":true,"showImageEffects":true,"showParticleSystems":true,"showVisualEffectGraphs":true,"m_FxEnabled":true},"in2DMode":false,"pivot":{"x":940.7980346679688,"y":583.2186889648438,"z":7.086972236633301},"rotation":{"x":-0.010808994993567467,"y":0.005097075831145048,"z":-0.00005418765067588538,"w":-0.9999353885650635},"size":595.0296630859375,"orthographic":false}